True,I2C,7 bit,54,Read,,"200",,,Read 512 bytes,Send
True,I2C,7 bit,54,Write,,"00,00,AA,AA,AA,AA,AA,AA,AA,AA",,,Write 8 bytes,Send
True,I2C,7 bit,54,Read,,"8",,,Read 8 bytes,Send
True,I2C,7 bit,54,Write,,"00,00,BB,BB,BB,BB,BB,BB,BB,BB,BB,BB,BB,BB,BB,BB,BB,BB",,,Write 16 bytes,Send
True,I2C,7 bit,54,Read,,"10",,,Read 16 bytes,Send
True,I2C,7 bit,54,Read,,"200",,,Read 512 bytes,Send
True,I2C,7 bit,54,Write,,"00,00,CC,CC,CC,CC,CC,CC,CC,CC,CC,CC,CC,CC,CC,CC,CC,CC,CC,CC,CC,CC,CC,CC,CC,CC,CC,CC,CC,CC,CC,CC,CC,CC,CC,CC,CC,CC,CC,CC,CC,CC,CC,CC,CC,CC,CC,CC,CC,CC,CC,CC,CC,CC,CC,CC,CC,CC,CC,CC,CC,CC,CC,CC,CC,CC,CC,CC,CC,CC,CC,CC,CC,CC,CC,CC,CC,CC,CC,CC,CC,CC,CC,CC,CC,CC,CC,CC,CC,CC,CC,CC,CC,CC,CC,CC,CC,CC,CC,CC,CC,CC,CC,CC,CC,CC,CC,CC,CC,CC,CC,CC,CC,CC,CC,CC,CC,CC,CC,CC,CC,CC,CC,CC,CC,CC,CC,CC,CC,CC,CC,CC,CC,CC,CC,CC,CC,CC,CC,CC,CC,CC,CC,CC,CC,CC,CC,CC,CC,CC,CC,CC,CC,CC,CC,CC,CC,CC,CC,CC,CC,CC,CC,CC,CC,CC,CC,CC,CC,CC,CC,CC,CC,CC,CC,CC,CC,CC,CC,CC,CC,CC,CC,CC,CC,CC,CC,CC,CC,CC,CC,CC,CC,CC,CC,CC,CC,CC,CC,CC,CC,CC,CC,CC,CC,CC,CC,CC,CC,CC,CC,CC,CC,CC,CC,CC,CC,CC,CC,CC,CC,CC,CC,CC,CC,CC,CC,CC,CC,CC,CC,CC,CC,CC,CC,CC,CC,CC,CC,CC,CC,CC,CC,CC,CC,CC,CC,CC,CC,CC,CC,CC,CC,CC,CC,CC,CC,CC",,,Write Page 1,Send
True,I2C,7 bit,54,Read,,"200",,,Read 2 Pages,Send
True,I2C,7 bit,54,Write,,"00,01,DD,DD,DD,DD,DD,DD,DD,DD,DD,DD,DD,DD,DD,DD,DD,DD,DD,DD,DD,DD,DD,DD,DD,DD,DD,DD,DD,DD,DD,DD,DD,DD,DD,DD,DD,DD,DD,DD,DD,DD,DD,DD,DD,DD,DD,DD,DD,DD,DD,DD,DD,DD,DD,DD,DD,DD,DD,DD,DD,DD,DD,DD,DD,DD,DD,DD,DD,DD,DD,DD,DD,DD,DD,DD,DD,DD,DD,DD,DD,DD,DD,DD,DD,DD,DD,DD,DD,DD,DD,DD,DD,DD,DD,DD,DD,DD,DD,DD,DD,DD,DD,DD,DD,DD,DD,DD,DD,DD,DD,DD,DD,DD,DD,DD,DD,DD,DD,DD,DD,DD,DD,DD,DD,DD,DD,DD,DD,DD,DD,DD,DD,DD,DD,DD,DD,DD,DD,DD,DD,DD,DD,DD,DD,DD,DD,DD,DD,DD,DD,DD,DD,DD,DD,DD,DD,DD,DD,DD,DD,DD,DD,DD,DD,DD,DD,DD,DD,DD,DD,DD,DD,DD,DD,DD,DD,DD,DD,DD,DD,DD,DD,DD,DD,DD,DD,DD,DD,DD,DD,DD,DD,DD,DD,DD,DD,DD,DD,DD,DD,DD,DD,DD,DD,DD,DD,DD,DD,DD,DD,DD,DD,DD,DD,DD,DD,DD,DD,DD,DD,DD,DD,DD,DD,DD,DD,DD,DD,DD,DD,DD,DD,DD,DD,DD,DD,DD,DD,DD,DD,DD,DD,DD,DD,DD,DD,DD,DD,DD,DD,DD,DD,DD,DD,DD,DD,DD",,,Write Page 2,Send
True,I2C,7 bit,54,Read,,"200",,,Read 2 Pages,Send
True,I2C,7 bit,54,Write,,"1E,00,FF",,,Write 1 byte in Page 1,Send
True,I2C,7 bit,54,Write,,"1E,01,FF",,,Write 1 byte in Page 2,Send
True,I2C,7 bit,54,Read,,"200",,,Read 2 Pages,Send
